3.681481481,1.350897279,0.433968496
3.8,0.91491932,0.384106785
3,1.342836576,0.315446295
4.357142857,1.035902501,0.23792956
2.956043956,1.42115925,0.257082983
3.581818182,1.05444115,0.242834803
3.892018779,1.106322039,0.205589811
3.6,1.270024992,0.351152829
4.166666667,0.87035704,0.696349672
4.212765957,0.587792416,0.0644924
3.533333333,0.97559564,0.323033984
4.28,0.721908943,0.24729036
3.136729223,1.511032256,0.511508586
4.219512195,0.954337951,0.254654337
3.033333333,1.345223841,0.118940975
4.347826087,0.971377687,0.192158773
3.157894737,1.242898784,0.266670541
3.937106918,0.905146534,0.252541386
3.6,0.852253613,0.123390074
3.307692308,1.223649897,0.275282782
2.663157895,1.428986424,0.533227368
3.3,1.52546235,0.508841271
3.636363636,0.958112047,0.131328757
4.390243902,0.894691829,0.395690574
4.048780488,0.348929813,0.354695589
2.909090909,0.880427287,0.329793689
3.3,0.777054765,0.271962626
3.641025641,0.980567931,0.30621427
3.941176471,0.702549793,0.436173495
3.8,0.942492231,0.334228057
3.913043478,0.805532716,0.265489421
3.545454545,0.963291031,0.311063948
3.642857143,0.57550139,0.289739715
3.8,1.854904923,0.611559979
3,0.884692332,0.466175372
4,1.114057011,0.094217707
3.459459459,1.071130417,0.338064102
3.904761905,1.667296207,0.728717171
3.846153846,1.038248398,0.251129261
2.727272727,1.004722903,0.199427037
3.935483871,0.766856101,0.3754517
3.625,1.09664987,0.262717049
3.678571429,0.995937127,0.122706088
3.6375,0.997951382,0.166465486
3.482758621,0.929926304,0.325794784
4.181818182,0.745773702,0.086359422
3.5625,0.930194086,0.263491375
3.727272727,1.118660552,0.12507607
2.728971963,1.409745782,0.509554274
3.538461538,1.483211997,0.513829146
3.75,1.292480204,0.37036704
4.342857143,0.705948371,0.299932895
4,0.469992801,0.558963416
3.333333333,1.281165563,0.318049232
3.8,1.052783875,0.204174488
3.652173913,0.931101051,0.149092824
3.62962963,1.043568836,0.242872391
3.875,1.257230744,0.038925822
4.023255814,0.899620618,0.451838549
4.134453782,0.583422554,0.219469275
2.833333333,1.288128419,0.23068207
3.317073171,1.147193745,0.361286174
2.979166667,0.821399456,0.393251707
3.596330275,0.989908245,0.12143616
3.979166667,0.716956612,0.320236212
3.523809524,0.86396258,0.124392212
3.416666667,0.939985603,0.329926217
3.166666667,1.879971206,0.825439615
3.736842105,1.124858118,0.197818712
3.402597403,0.830328543,0.225901022
3.818181818,0.880427287,0.217620347
3.767123288,1.041880583,0.454667233
3.647058824,1.283671227,0.447656665
3.761904762,0.755967257,0.137803107
3.181818182,1.367251786,0.478315252
3.4,1.236603282,0.439117343
3.461538462,1.399163317,0.578079758
3.357142857,1.342836576,0.132271627
4.185185185,0.983396003,0.202834351
3.928571429,1.023113581,0.505407164
3.566666667,0.960874172,0.220378154
3.127906977,1.257381138,0.181257033
3.397435897,1.179565541,0.402207826
3.744186047,0.8256012,0.102571908
3.547169811,0.889084124,0.292286113
3.636363636,1.263672105,0.240162996
3.778761062,0.977013777,0.257758827
4.090909091,1.035796808,0.426574655
4.15,1.065317017,0.28470018
4.25,0.985838559,0.216866408
3.9,1.042757362,0.433782535
3.230392157,1.000398621,0.185566683
3,1.114057011,0.508799544
3.660633484,1.067912638,0.280816319
3.484076433,1.122486222,0.403080754
4.25,0.939985603,0.354522673
3.971428571,1.266614614,0.215242623
3.875,1.449144471,0.500019698
3.650793651,1.073006157,0.222368371
3.029411765,1.075508325,0.291229838
3,0.725602922,0.349498282
2.5625,0.814094674,0.328835857
3.4,1.03607302,0.202085158
2.793650794,1.250472155,0.373102458
3.3125,1.223939587,0.449660739
3.714285714,0.792913026,0.216102948
2.769230769,1.127241118,0.297156225
3.411764706,0.988773783,0.30874043
3.5,1.234607956,0.484544241
3.085365854,0.843992625,0.327810381
3.5,1.148871293,0.371600679
3.916666667,0.670174921,0.255652752
3.806451613,1.155500859,0.417003493
3.62962963,0.94557308,0.336870405
4.040816327,1.079489228,0.289247887
3.056818182,0.95325675,0.205083264
3.722222222,1.032823687,0.245714392
4.642857143,0.682075721,0.457152861
3.87755102,0.986573811,0.381502827
3.571428571,1.048691421,0.258431158
3.673913043,1.387174721,0.434171526
3.970588235,0.867345424,0.496810477
3.931034483,0.915023639,0.609992907
3.5,0.895224384,0.265814722
3.444444444,1.330679208,0.415577498
3.695652174,1.194083791,0.452208166
4.181818182,1.491547403,0.582170686
3.578431373,1.089723153,0.359656087
2.866666667,1.348008983,0.349127661
4.078651685,0.895246988,0.225984194
4.066666667,1.091775871,0.400507678
3.705882353,0.728570156,0.245410344
3.277777778,1.083110983,0.139766341
3.583333333,1.027021307,0.249696861
3.45,0.814654189,0.295542989
4.55,0.676789634,0.303734646
4.083333333,1.340349841,0.488432884
4.296296296,0.653305037,0.237564941
3.933333333,0.946948459,0.164615125
3.6,1.00265131,0.268284021
3.446153846,1.411424536,0.422679172
3.8,1.203181572,0.126755463
3.733333333,1.069494731,0.27776305
3.666666667,0.943853856,0.284785032
3.318918919,1.390968128,0.520336459
3.684210526,1.291503765,0.067324925
4.3,0.877319896,0.303170616
4,1.139376488,0.514121793
3,1.00265131,0.40169269
3.8,0.651723351,0.444385976
4.084337349,0.967866339,0.272508112
4.285714286,0.971957902,0.212004408
3.076923077,1.839182876,0.7993772
3.962962963,0.900873262,0.267615861
2.636363636,0.870069318,0.312289666
3.777777778,0.789123716,0.175722884
3.703703704,1.275664046,0.321095368
3.838383838,1.101525148,0.18884473
3.405797101,1.496816674,0.565082105
4.090909091,0.794110886,0.360869868
2.529411765,1.183926503,0.232569092
3.35,0.777054765,0.220342801
3.076923077,0.904759318,0.508265337
4.060606061,0.927613586,0.270638425
4,0.835542758,0.088037788
3.3,1.453844399,0.345933225
3.815789474,1.26372949,0.423022394
3.257142857,1.458959967,0.475439983
3.956521739,1.042454103,0.474394854
3.666666667,1.00265131,0.442476937
3.421052632,0.895720353,0.317112858
3,1.114057011,0.508799544
4.185185185,0.756458464,0.447046266
3.802083333,1.489942458,0.379107355
3.826086957,1.066146242,0.323170096
3.642857143,1.108373047,0.339485482
3.73015873,0.798281214,0.133015958
3.718954248,0.944764034,0.146067139
2.913043478,1.767433547,0.70382018
3.852941176,1.439793403,0.354386392
1.518348624,0.852297919,0.074510463
4.142857143,0.920802223,0.317212842
3.166666667,1.016577022,0.082468433
3.714285714,0.840030098,0.123184317
3.875,0.574435646,0.553076173
3.333333333,1.270721278,0.392096492
4.205882353,0.761095609,0.115866715
3.896551724,0.865844844,0.106551577
3.963302752,1.031681867,0.317710614
3.388888889,1.071506222,0.321995559
4,0.501325655,0.43945083
3.45,1.134249294,0.428823836
3.278688525,1.083219099,0.188835106
2.944444444,0.992851734,0.350629556
3.224489796,1.04399345,0.066823876
3.238095238,0.966273938,0.238308345
3.192307692,1.251460122,0.187702897
3.254716981,1.000331184,0.170519692
3.157894737,1.527585098,0.286451119
4,0.828082555,0.298419264
3.144186047,1.024667342,0.133996722
2.846153846,1.231065957,0.20289016
3.272727273,1.087586648,0.15057077
3.631578947,1.326221608,0.262307594
2.8,1.052783875,0.204174488
1.878787879,1.401778346,0.324243809
3.218045113,0.803328379,0.162654958
3.727272727,0.890785255,0.15710967
3.375,1.409978404,0.63616489
3.985714286,0.742268903,0.31781087
3.380952381,1.216368369,0.178697962
4.235294118,1.127549051,0.28317908
4.23880597,0.797385871,0.239484755
3.873015873,0.784387079,0.279337217
3.86,0.919431251,0.263506088
3.931506849,0.941690712,0.106018448
3.054054054,1.303666422,0.189426703
3.606060606,0.918406503,0.311862763
4.125,1.233731104,0.572632136
3.8,0.802121048,0.145519597
3.614457831,0.902735484,0.250894022
3.03286385,1.169417313,0.063399772
3.192307692,1.203255732,0.068295902
3.09375,1.004854401,0.394895221
4.8,0.401060524,0.1028544
3.64516129,0.949440887,0.042282495
3.277777778,1.23397287,0.480234892
2.857142857,1.63698173,0.360297966
3.133333333,1.515117535,0.4144534
3.92,1.139011888,0.143142436
3.6,0.751988482,0.276763055
3.893617021,0.779562528,0.376282424
4.352941176,0.906375968,0.33484801
3.104316547,0.898161976,0.258573726
3.893617021,0.796583544,0.495172332
3.357142857,1.263545273,0.342418736
4.111111111,0.577659191,0.276706107
3.214285714,0.882435464,0.414556513
4.11627907,1.390914337,0.299163927
3.6,1.604242096,0.562538749
3.333333333,1.114057011,0.29934574
4.272727273,0.828637446,0.261645178
3.555555556,0.847921169,0.239487261
3.709401709,1.064067273,0.154805643
3.307692308,0.993752038,0.276693786
2.954954955,1.361444397,0.100617108
3.8,0.835542758,0.211483905
3.19047619,1.489198657,0.394725068
4.191011236,0.843032158,0.233283731
3.830769231,1.007397588,0.357685002
3.727272727,0.901143223,0.312204052
4.545454545,0.725057765,0.230177085
3.946428571,0.939186296,0.076916288
3.152941176,0.969345246,0.310200156
2.47826087,1.357559548,0.458385955
4.069565217,0.851779771,0.306840115
4.258064516,0.899882159,0.109263158
3.625,1.409978404,0.54000975
3.814814815,0.680812618,0.029692488
4.166666667,0.87035704,0.246072509
4.1,0.902386179,0.417837376
3.207317073,0.824980424,0.065508556
4.05,0.952518744,0.397444687
4.19047619,0.998483069,0.18394238
3.62962963,1.292856284,0.445581529
3.1875,1.204356554,0.212975643
3.990566038,0.914888088,0.171920349
2.932960894,1.091960846,0.224261081
2.850299401,1.604874842,0.712605841
4.291666667,1.035724877,0.13471658
3.590062112,1.088968057,0.282755738
4.387096774,0.792939642,0.288226789
3.5,0.835542758,0.248531818
4.025641026,0.939367598,0.378456789
3.0625,0.489575835,0.343552424
3.416083916,1.05611436,0.304334682
3.285714286,0.959168983,0.204201516
4.166666667,1.044428448,0.460481165
3.173553719,1.229858904,0.180070419
3.653061224,1.10941704,0.456247186
3.294117647,1.318365044,0.327874741
3.4,0.751988482,0.276763055
4.071428571,0.665023828,0.380847601
3.607142857,0.994338512,0.385696755
3.8125,0.793112853,0.258467283
3.835443038,1.096474153,0.179038573
3.857142857,0.971957902,0.381110123
3.720930233,1.36244533,0.176718966
2.615384615,1.097576878,0.339015357
3.417721519,0.8924416,0.297598656
3.693641618,1.046571116,0.145284473
4.142857143,0.767335186,0.092732462
3.097674419,1.001132963,0.198871283
3.5,1.014587635,0.278533373
4.29,0.694085369,0.095150307
4.256756757,1.057397976,0.379275023
3.408602151,1.105652314,0.208354042
4.192307692,0.882511138,0.319378666
3.506493506,0.935176546,0.294984601
3.75,1.09664987,0.524053232
3.589403974,0.929720421,0.144082449
2.5,1.127982724,0.325082079
3.365942029,1.322087151,0.461761901
3.461538462,1.008584158,0.292099468
3.424,1.087996989,0.362066689
3.333333333,1.114057011,0.055025317
3.666666667,1.114057011,0.267042511
3.834862385,0.763950929,0.157884696
3.818181818,0.973648999,0.125075937
3,2.506628275,0.974603496
3.756756757,0.856904333,0.068841589
4.484615385,0.844689232,0.299511957
3.647058824,1.041778226,0.397564195
3.671428571,1.108287787,0.124419846
3.977777778,0.821926506,0.458579769
3.113636364,1.529095037,0.484836152
3.583333333,0.905171321,0.093429441
3.6875,0.957936717,0.076161988
3.25,0.587491002,0.108684608
3.734177215,0.82777774,0.225629449
3.819444444,0.713209241,0.143527449
4.222222222,0.722073989,0.184963126
3.636363636,0.916680175,0.30313061
4.392156863,0.776756013,0.346716957
3.355263158,1.041101321,0.039327289
3.221238938,1.373944028,0.442757784
3.28,0.995203043,0.364002833
3.408284024,0.934599086,0.287802362
3.297297297,0.849580365,0.250255144
4.447058824,0.815304698,0.324126342
3.65,1.153049006,0.26560808
4.137931034,0.950044902,0.132014751
3.785714286,0.601079229,0.357372004
3.532110092,0.926192924,0.270471543
3.615384615,1.364555037,0.324961833
3.011764706,1.257650864,0.347210598
4.047619048,1.136792868,0.235204214
4.12195122,0.912585666,0.164144754
4.063291139,0.861917045,0.284768683
4.111111111,1.320363865,0.159411473
3.666666667,1.3229427,0.230667925
3.4765625,1.301353766,0.408063979
3.987261146,1.029640605,0.442817301
3.697247706,1.110376619,0.274670496
3.664179104,0.876538145,0.304087236
3.328358209,1.246892612,0.338376698
3.603305785,1.387111692,0.482448476
3.774193548,0.769464455,0.106912983
3.357142857,1.138213859,0.307363935
4.4,0.859415408,0.282438161
4.133333333,0.868964469,0.121939996
3.793103448,1.186252144,0.307223482
3.285714286,1.500566586,0.661373091
3.717105263,0.898107205,0.269418713
4.1,0.451193089,0.318885487
3.466666667,0.880105039,0.252012617
4.057692308,1.04473745,0.366177131
3.714285714,1.309585384,0.30522965
4.142857143,0.920802223,0.317212842
3.971014493,0.814483079,0.266568783
3.756410256,0.953375711,0.070669421
3.277777778,1.879971206,0.92265118
3.086124402,1.373334582,0.415147083
3.357142857,1.163791699,0.17388299
3.368421053,1.246370569,0.423472126
4.352941176,1.049487963,0.375795257
4.114285714,0.761196505,0.336179797
3.3125,1.145607454,0.241628185
4,0.884692332,0.303841204
3.678571429,0.951175908,0.090837247
4.102564103,0.865206998,0.173477126
4.227272727,0.660320465,0.150833246
3.717948718,0.958319751,0.06996091
3.319587629,1.364938885,0.474121263
3.9375,0.744155269,0.418807357
3.636363636,0.652551989,0.296920462
4,1.00265131,0.240709842
3.40530303,0.876722874,0.317550827
4.014705882,0.871682151,0.379019876
3.163793103,0.975379433,0.219070136
3.797752809,1.169612183,0.3375009
3.545454545,1.194618985,0.414044322
4.423076923,0.806496523,0.296382141
4.1875,0.509158868,0.191286644
3.306930693,1.268549012,0.401998976
3.833333333,0.812333237,0.205519414
3.333333333,1.309016988,0.434516491
4.119047619,0.893803393,0.092327993
3.707920792,1.092610786,0.360942226
3.75,1.409978404,0.460134015
3.757894737,1.002929053,0.233381466
4.074074074,1.00288054,0.462250005
3.33968254,0.79418876,0.248543968
3.808,0.977464709,0.157659799
3.826086957,1.191714577,0.402756276
3.307692308,0.904759318,0.271385616
3.8375,1.240389335,0.343857666
3.623076923,1.01006737,0.384583602
2.92,0.662953046,0.415381092
3.647058824,0.867345424,0.098188723
3.115044248,1.114624116,0.261228389
3.833333333,1.021218927,0.204981863
3.638297872,1.291327739,0.289497067
3.25,1.09664987,0.137067989
1.848797251,1.389167168,0.288956729
3.474452555,1.134853949,0.359454988
3.478723404,0.916439864,0.274975011
3.782608696,1.118268947,0.135089846
3.703225806,1.11366286,0.131162077
3.086956522,1.014023536,0.381666492
3.74,0.805129002,0.209148066
3.945945946,0.584086501,0.459777677
3.675,1.010484523,0.279517895
3.954545455,0.994364935,0.446710268
4.285714286,0.852594651,0.112391837
3.851318945,1.133632724,0.276610047
3.234323432,0.960070109,0.181976067
2.866666667,1.659944946,0.58812704
4.172413793,0.858393511,0.353877867
4.21875,0.91795469,0.387428046
3.818181818,1.081371867,0.133603756
3.4125,0.931760729,0.301862707
3.529411765,0.991664934,0.221994809
3.3,1.46011097,0.524894073
2.943820225,1.052524383,0.229913531
3.816091954,0.778912631,0.238231152
4.583333333,0.739803484,0.232680211
3.9375,0.646240102,0.487810247
3.370879121,0.968628243,0.285798121
3.508196721,1.036064038,0.293252447
3.277777778,0.742704674,0.117257172
3.666666667,1.163206585,0.293909667
3.459459459,1.435497858,0.55262903
3.731707317,1.571675313,0.564751076
3.308357349,1.115616019,0.31634439
3.746031746,0.881646025,0.162220793
3.571428571,1.218708825,0.354112787
4.068965517,0.724269525,0.506183595
3.714285714,0.882435464,0.220303468
4.145833333,1.204356554,0.064105074
3.5,0.814654189,0.291056832
3.14516129,0.887492477,0.230005664
3.375,1.618864094,0.613315365
3.714285714,1.159528726,0.173842318
2.008196721,1.022254342,0.431663384
2.742857143,0.941264495,0.205624343
3.57480315,1.038458065,0.319205601
3.371428571,1.544901508,0.617801467
3.746268657,1.203337922,0.208998153
3.858299595,0.814924331,0.232626988
2.736263736,1.520140949,0.685599783
3.43877551,1.337877607,0.479146729
3.275167785,1.098350518,0.337170366
2.973333333,0.935510807,0.029912478
3.5,0.810567295,0.315661672
3.469483568,0.881289594,0.288151909
4.026022305,0.862204471,0.412435288
3.683333333,1.089222823,0.243155027
3.384615385,1.086040784,0.280515292
3.417910448,0.958761583,0.35612097
3,1.08983838,0.291512569
3.96875,1.309615358,0.241025096
2.864661654,1.370008602,0.462126191
4.037735849,0.773672736,0.411351296
3.4375,0.857736863,0.285377599
3.465346535,1.184634341,0.363416281
3.681818182,1.020259856,0.273416919
3.993006993,0.854011403,0.283680156
4.534883721,0.650720158,0.348010262
3.578947368,0.863317033,0.323015256
3.387096774,1.682388384,0.720140763
4.228136882,0.926925906,0.103311976
3.914285714,0.869646544,0.298484571
4.082568807,0.766552989,0.288915393
3.6,1.403711834,0.372596249
3.373493976,1.055192625,0.267775259
4.457142857,0.622053058,0.362612495
3.415929204,1.328204786,0.444520239
3.420792079,1.218421361,0.274650386
3.733333333,0.824402188,0.359722922
3.982142857,0.750549729,0.50451189
3.423076923,0.819474628,0.312558015
3.050847458,0.817300515,0.45683714
3.992805755,0.825769317,0.544347107
3.038461538,1.030832338,0.419340232
3.222222222,1.000588241,0.137503909
3.645021645,1.211342054,0.364743068
3.357142857,0.951030579,0.268439073
3.724770642,1.199620265,0.468236141
2.789473684,1.282245673,0.391857707
3.848484848,1.240654399,0.177897665
3.527272727,1.083029142,0.322901307
3.755555556,1.21184646,0.242118965
3.872340426,1.071189267,0.230854087
3.953051643,1.138698423,0.125816434
3.031007752,1.256552675,0.24643738
3.17921147,0.916433937,0.093670094
3.288590604,0.941636855,0.177025555
3.862745098,0.997929096,0.233278842
3.342222222,1.047362131,0.25939332
3.767123288,0.605842976,0.138754145
3.108108108,1.116905221,0.135234955
4.01875,1.275932541,0.295765311
3.621513944,0.833102482,0.133732741
3.366071429,0.983947515,0.150857024
3.673553719,1.104150837,0.209763571
4.724137931,0.584184473,0.497956024
3.827586207,0.998478564,0.196620249
2.515151515,1.427097824,0.528235214
2.766666667,1.102916441,0.055817152
3.75,1.070539159,0.305084159
4.333333333,0.875330509,0.181301313
4.363636364,0.797563542,0.328586481
3.840206186,0.827594934,0.32076746
3,0.877319896,0.319538216
4.095238095,0.755967257,0.137803107
3.297297297,1.283525508,0.315261291
3.643835616,1.151477954,0.348113575
4.12244898,1.436534988,0.280960662
3.434782609,1.345713478,0.315408172
3.14,0.790089232,0.357546559
4.333333333,0.835542758,0.233352823
4.36,0.786078627,0.319943827
3.493464052,1.106882672,0.31981446
3.296296296,0.936976961,0.248421793
3.235294118,1.350890497,0.457660338
3.832116788,0.956495908,0.097226061
3.716981132,1.103844491,0.223858703
3.604651163,0.831023868,0.279192784
3.888888889,0.70556944,0.321219342
3.233333333,1.840979211,0.807726962
4.120437956,0.989716846,0.175293772
3.384615385,1.110925786,0.340950118
4.075,0.753555125,0.40079382
3.935779817,0.793593322,0.291479693
3.871165644,0.984858013,0.071864977
2.865306122,0.952122027,0.201294009
3.617283951,0.973462711,0.241727363
3.982142857,0.838473552,0.338849886
3.714285714,0.636604006,0.191314052
3.62406015,1.132226803,0.174354803
3.488888889,0.868551855,0.33849864
3.532994924,0.793603072,0.322667539
2.806451613,1.00943303,0.094878587
3.50617284,0.88979382,0.324709068
3.898305085,1.035487348,0.398277665
3.652173913,1.004546681,0.21499287
3.670967742,1.221961721,0.155671444
3.72,0.894364968,0.299814437
3.675,1.261147351,0.367046876
3.80239521,1.372223715,0.268910742
3.095238095,0.458980121,0.305631617
4.17,0.811395572,0.22625441
3.570175439,0.827827682,0.257629653
4.019230769,0.567328589,0.40982591
4.204545455,1.178218869,0.184674679
3.754716981,1.127938106,0.349323151
4.2,0.802121048,0.226580376
3.578947368,1.124858118,0.241429578
3.396039604,0.967168796,0.232015779
3.025210084,0.906287463,0.444599395
3.541666667,1.566642672,0.561502229
3.766666667,1.01379188,0.350429361
3.411764706,0.73724361,0.33489639
4.542857143,0.720271961,0.167437737
3.44295302,1.181562312,0.401484955
3.95483871,0.892578768,0.426344741
3.37037037,1.197725902,0.351334918
3.485714286,0.94842629,0.257655067
2.681818182,1.34653585,0.396629096
3.45,0.827187331,0.3285165
3.25,1.19064843,0.24976094
3.745098039,0.586903737,0.221967326
3.52173913,1.222514357,0.289677983
3.153846154,1.572204717,0.580037116
3.527777778,0.903237195,0.212608817
3.803191489,0.840128976,0.037972494
2.666666667,1.114057011,0.229602323
3.472972973,0.945707454,0.257557626
3.553191489,1.241399426,0.448967786
4.035714286,1.035902501,0.272794324
3.274193548,1.156152948,0.140219866
4.444444444,0.722073989,0.184963126
3.541666667,0.926930247,0.092487511
3.7375,0.990118168,0.317404127
3.325301205,0.903827063,0.250518484
2.969387755,1.000406724,0.318327504
3.742222222,1.248734125,0.367439136
3.441860465,1.596975721,0.587757438
3.5,1.227203426,0.319018698
3.654761905,0.833056024,0.282255094
3.813888889,1.342651452,0.096694917
3.608974359,1.137644202,0.354317929
3.48,0.725919548,0.316689949
3.197916667,1.098825763,0.23984934
3.6,0.927452462,0.284992456
3.634146341,1.192922439,0.121412244
3.68,1.082863415,0.335549065
3.893617021,1.046225111,0.299168556
3.584269663,1.080688746,0.386654959
3.081081081,1.405744235,0.491160992
3.793103448,0.771958054,0.051018927
3.787234043,1.067785064,0.272857386
3.296296296,1.34099455,0.44398962
3.755555556,1.244649249,0.355570185
3.966101695,0.806139142,0.363269077
3.837837838,0.635354281,0.263244962
3.674846626,1.242417394,0.119062383
2.392857143,1.975888104,0.917586229
3.733333333,1.062810388,0.12074031
3.833333333,1.104110073,0.060099082
3.37037037,1.038411165,0.379242419
4.321428571,0.911210534,0.292567328
3.128205128,1.105816944,0.053461246
3.86407767,1.009125211,0.42272518
3.627906977,0.833735202,0.27378705
2.62037037,1.506684742,0.693530844
3.287037037,1.019822057,0.284517196
3.505617978,1.358218477,0.477820132
3.827272727,1.031446461,0.19734324
3.549707602,1.080024952,0.242167628
3.390350877,1.1995497,0.365806998
3.733333333,1.043500067,0.142121495
3.531914894,0.800744237,0.275945176
3.433962264,0.794643104,0.312673856
2.34375,1.737994214,0.811621048
3.29281768,1.133763248,0.332455306
4.703703704,0.605166771,0.397479186
4.082644628,1.007205392,0.194977999
3.324074074,1.093641229,0.278850515
3.1,1.015184451,0.446117162
3.661016949,1.077252485,0.337596497
3.310344828,0.788350985,0.229856997
3.37037037,0.984771383,0.251389053
3.264705882,1.092855234,0.155244431
4.45,0.896119608,0.348498787
2.490384615,1.289003926,0.474058299
3.537313433,1.092217622,0.349832852
2.959459459,1.118736213,0.229993518
4.229357798,0.832940698,0.184172
4.125,0.767654909,0.188960156
3.622641509,1.239928796,0.43012082
3.737864078,0.825186092,0.21804472
4,0.298408128,0.548813713
3.959016393,0.773511399,0.368135529
2.947368421,0.503408726,0.479813705
3.827586207,0.61548007,0.216971428
3.259259259,1.354435754,0.457570855
3.791666667,0.974799885,0.066897907
3.154340836,0.751047729,0.264752505
3.285714286,1.449410907,0.431863709
3.136363636,1.097944616,0.360173298
2.692579505,1.252609932,0.421969822
3.68707483,1.068585296,0.217264437
2.908029197,0.641672265,0.35370517
2.541666667,1.144519507,0.307156625
3.24137931,1.242882272,0.263413901
3.732394366,0.839354995,0.220411418
3.790575916,0.834626618,0.131163503
2.584821429,1.051988564,0.404022563
3.917355372,0.853291122,0.313592955
3.869565217,0.976116115,0.126664027
3.53164557,0.965740696,0.329882023
3.746987952,0.944761259,0.107342249
3.478873239,0.841841236,0.320566987
3.665306122,0.840957604,0.286328245
3.957446809,1.030338829,0.141315182
3.52173913,1.113530519,0.374744324
3.38,1.231757134,0.384620213
3.847826087,1.02823882,0.089119701
3.580645161,1.244836987,0.463370506
3.24137931,1.198174276,0.417777276
3.885714286,0.920802223,0.3723948
3.658536585,1.030386757,0.284972039
3.705882353,1.383415951,0.252135506
3.584415584,1.530865404,0.450269169
3.591836735,1.405215184,0.247718405
3.428571429,1.023113581,0.228149964
3.661290323,1.01856227,0.297489996
4,0.65963902,0.39933815
3.227272727,1.538158259,0.426553803
3.137844612,0.984664161,0.243159013
3.226666667,1.024486827,0.083968665
3.488372093,0.991670407,0.344733394
2.05,0.714389058,0.2568347
4.563380282,0.786149435,0.381774491
3.476190476,0.926486188,0.31059925
4.833333333,0.382957098,0.509058899
3.833333333,1.241709377,0.166001392
3.147826087,1.050604199,0.241654926
4.21875,1.101545628,0.352560408
3.275,0.897686251,0.193004822
3.136363636,0.975868564,0.190776069
4.152866242,0.622157158,0.159059811
3.289473684,1.399129078,0.482505038
3.931034483,1.081933488,0.569643589
3.714285714,1.326637277,0.387396897
2.842519685,1.19402474,0.386140718
3.147651007,0.667049225,0.317277128
3.666666667,0.795755008,0.316058063
4.212121212,0.777998491,0.240693098
2.451612903,1.708471925,0.772201834
3.531914894,1.100692361,0.295912787
3.777777778,1.107867805,0.419744037
3.710526316,1.227275755,0.468039449
3.310344828,1.213076941,0.18866657
3.495762712,1.094039549,0.381938131
3.2,1.322544823,0.381154372
3.572463768,1.065093258,0.337883898
3.697674419,0.814078031,0.047517617
3.859728507,0.972504641,0.305875961
3.765432099,0.915391152,0.106382496
2.966666667,0.732492485,0.50537984
3.522727273,1.113481568,0.38385738
3.383233533,1.132112652,0.39028619
3.888475836,1.054702272,0.166931137
3.709677419,1.132025672,0.089385888
3.692307692,1.072856678,0.19406475
3.104477612,1.241308678,0.286759869
3.966666667,0.648938209,0.404890939
3.535714286,1.071604902,0.328182947
3.619047619,0.866804562,0.265981578
3.272727273,0.890785255,0.284535595
2.164705882,1.486283118,0.688900374
3.8,0.862280126,0.416100529
3,1.253314137,0.28526757
3.037267081,1.012379592,0.197775025
3.576923077,0.789810388,0.223504576
2.857142857,1.29594387,0.388457315
3.236842105,1.235955216,0.39084921
3.385542169,1.541308952,0.553693572
3.7,1.453844399,0.456508904
3.028037383,1.03054409,0.244595333
3.609375,0.986495307,0.249586215
3.320754717,0.992299979,0.178407006
3,1.462199827,0.371521646
3.96969697,0.893087025,0.482388428
3.675675676,0.89031994,0.309597042
3.6,1.618565686,0.505023759
3.4,1.00265131,0.12584103
3.461538462,1.095722863,0.338708729
3.461538462,1.112408998,0.137812334
3.685714286,1.166349483,0.372185944
3.851851852,0.883681024,0.185616287
3.1,1.324335272,0.262903308
3.641791045,1.011808963,0.050000274
4.054607509,1.148478335,0.185265875
3.722222222,0.765914195,0.164567952
3.62295082,0.984058743,0.234700434
3.090909091,1.035796808,0.111140658
3.541666667,1.116543745,0.314190776
3.205479452,1.236615825,0.241118291
3.596491228,1.210495464,0.204304604
3.382352941,0.904207604,0.169768484
3.105263158,1.267201275,0.066653961
3.19266055,0.977882506,0.124672732
3.36746988,0.818047179,0.289554084
3.8767507,1.011588311,0.169916919
4.0625,0.881236503,0.350165353
3.243902439,1.245112796,0.333588794
2.848484848,1.580165574,0.677270112
3.047619048,1.852972375,0.765432934
3.782945736,0.887359363,0.082232961
3.688073394,0.878722899,0.004161787
4.086956522,1.094576808,0.258309399
3.354285714,0.863180466,0.209126871
4.432432432,0.653664203,0.345642999
3.265625,1.225775497,0.401875282
3.068965517,0.977614832,0.332823831
4.296875,0.908775144,0.272279545
3.714285714,1.360741063,0.224441541
4,0.683625893,0.469207458
3.279503106,1.28159965,0.449842096
2.058035714,1.111037405,0.259124241
3.785714286,0.792913026,0.098302834
3.466666667,1.188857982,0.402617994
4.055555556,1.117925264,0.538447437
2.953846154,1.233439097,0.088940803
3.918918919,0.690284046,0.316361363
3.872727273,1.08054323,0.140113225
3.785714286,1.312995763,0.296764842
2.788793103,0.898956703,0.186394202
3.866666667,0.746418197,0.427889892
3.846153846,0.652613279,0.153259979
3.703703704,0.838981206,0.160707142
3.871794872,0.710843083,0.529006616
3.140350877,0.975957146,0.412691976
3.341365462,0.925011773,0.182018982
3.666666667,1.114057011,0.37007615
3.017316017,0.930150231,0.342239822
3.8,1.122969467,0.10516855
3.127659574,0.797718278,0.293470159
3.509090909,0.831951996,0.322901433
4.307692308,0.756438118,0.194385368
3.132075472,0.814423664,0.350652576
3.600558659,1.130724752,0.405004905
2.653846154,1.234773987,0.096344094
3.326359833,0.947516985,0.173080286
4,0.731099913,0.401428811
3.75,0.626657069,0.154814679
4.038461538,1.112408998,0.284618623
3.493333333,1.011563766,0.307005283
3.090909091,1.567505836,0.609792811
3.665662651,0.834557305,0.224269727
3.347985348,1.289654513,0.439130958
3.642857143,1.029508041,0.351578241
3.892156863,0.761336539,0.328917361
4.130434783,0.947685548,0.35994456
3.45,1.315979844,0.320711057
4.423076923,0.778686298,0.335419435
4.142857143,0.920802223,0.138943535
3.5,1.253314137,0.210904095
2.793103448,1.35912306,0.421028209
2.971428571,0.626145512,0.327263597
3.743169399,1.202154639,0.392883323
3.84,0.721908943,0.449645206
3.361111111,0.939985603,0.273574076
3.476190476,1.290259906,0.320727083
4.071428571,0.831279785,0.583712216
3,1.312995763,0.275757369
4.338709677,0.935747028,0.351247792
3.12,0.982598284,0.247320197
4.005405405,0.822042243,0.433990333
2.6,1.00265131,0.347992993
3.613793103,1.121872631,0.321300817
3.826086957,0.861446163,0.230872923
3.25,0.626657069,0.154814679
3.115384615,1.072547675,0.143751995
3.546875,0.845130285,0.223183052
3.745283019,1.183933451,0.219429828
3.520547945,1.276597699,0.515311977
2.96,0.67378168,0.411523487
3.056179775,1.306425585,0.311663099
3.925925926,0.876804129,0.305857077
4.147058824,0.817473062,0.163512353
3.86,1.241282322,0.17369386
3.043478261,1.317282912,0.219721979
4.11827957,0.641655105,0.326718992
3.192982456,1.12408661,0.045754272
4.137055838,0.834487807,0.16270996
3.903225806,0.907707221,0.516130004
3.740740741,1.175949067,0.217584976
2.735294118,0.840963667,0.196768915
3.50617284,0.89017587,0.298875658
3.129032258,1.077250237,0.149424317
3.740740741,1.0732541,0.241588518
3.034246575,1.118551705,0.304119635
4.286666667,1.120518542,0.331818006
4.869565217,0.284305664,0.194286809
4.529411765,0.878910029,0.449037646
3.459330144,1.173577868,0.370621725
3.469387755,0.856074629,0.248888336
2.975609756,1.021439838,0.362009531
3.211981567,1.054467062,0.214321946
3.347826087,0.710764161,0.293621117
3.423076923,1.205109747,0.398049431
3.272727273,1.512263339,0.417595851
3.428571429,1.040165475,0.157484467
3.846153846,0.899815278,0.090256471
3.23943662,0.893057802,0.203507782
4,0.874405212,0.532009937
4.363636364,0.850734445,0.29747959
3.121495327,1.503232573,0.550372989
3.823129252,0.920976222,0.146412631
2.287878788,1.701583978,0.751100927
2.7,1.127982724,0.457369796
4.263157895,1.030425584,0.348033603
2.951923077,1.419248479,0.44739656
2.872340426,1.363950741,0.425864647
3.453531599,1.050961087,0.392761
3.495652174,0.995259363,0.376664383
3.38028169,0.942285376,0.221060002
2.9,1.27838042,0.256584188
3.823529412,0.741580337,0.155027894
4.191011236,0.797462852,0.048911686
4.19047619,0.77301915,0.253665439
3.827160494,0.79046089,0.380689726
3.268656716,1.156153674,0.340847981
3.689655172,0.882237776,0.121490557
3.426630435,1.029034727,0.307055342
3.32046332,1.228184704,0.345375729
4.051094891,0.972254986,0.272303472
3.925373134,0.925816369,0.215050169
3.720930233,1.213321961,0.167555592
3.31372549,1.029249903,0.223254667
3.3625,1.167409897,0.30516929
3.923976608,1.329993423,0.300016372
4.3,0.614123927,0.225460437
3.435582822,0.922685254,0.316426617
3.857142857,1.146489043,0.235281155
4.127659574,0.930482202,0.378573564
4,0.79857184,0.413729266
3.423728814,0.90947185,0.248001844
3.636734694,0.770508926,0.273033277
3.75,1.00265131,0.266644188
2.980662983,1.158534192,0.14576279
3.962162162,1.024037298,0.257674638
3.5,1.086205586,0.305999474
3.525925926,1.065781207,0.252597619
2.555555556,1.20070589,0.48437994
3.85483871,1.055079227,0.190516184
3.448979592,1.182844579,0.38284498
3.852941176,0.976305693,0.217400378
3.744680851,0.902113843,0.104159316
3.275,0.789587907,0.093303121
3.804878049,0.700841933,0.140698951
4.571428571,0.708871553,0.191691037
3.554054054,0.77359419,0.318449112
4.346153846,0.882511138,0.378736443
3.166666667,1.100131298,0.134901735
3.806122449,0.936201127,0.153934288
3.811320755,0.974452857,0.15589862
3.522727273,1.185124181,0.36087482
3.086956522,1.231991212,0.332650192
3.115384615,0.960379768,0.127182752
3.365930599,0.929125476,0.259274676
3.542857143,1.227736298,0.366370268
3.349514563,1.131042469,0.263214388
3.470046083,1.019919679,0.32372048
3.230769231,0.838014778,0.194044799
3.272727273,1.160092425,0.251154973
3.37007874,1.044208282,0.214187996
4.148648649,0.605600659,0.343071488
3.756097561,0.846229355,0.188643063
3.125,0.832278919,0.360405946
3.3,0.864786755,0.323690358
3.691666667,1.164363648,0.21965816
4.6875,0.636448585,0.273444524
3.693877551,1.032509523,0.239942728
2.968253968,1.088794947,0.267518249
3.721311475,0.89864072,0.056423032
3.966804979,0.885202606,0.416705147
2.64673913,1.294627304,0.494123446
3.701149425,0.934397104,0.256857682
3.923076923,0.672389439,0.552247647
3.746478873,0.963418425,0.001985152
3.375,1.229814497,0.203199044
3.268518519,1.28533468,0.328692649
4.265306122,1.014761634,0.284185823
3.457943925,1.051781136,0.28650578
4.045454545,0.761310654,0.47724773
4.265822785,0.815326934,0.287192495
3.410714286,1.351362522,0.491310462
